{"cameraMode":{"drawMode":0,"name":"Shaded","section":"Shading Mode"},"sceneLighting":false,"audioPlay":false,"sceneViewState":{"showFog":false,"showMaterialUpdate":false,"showSkybox":true,"showFlares":false,"showImageEffects":false,"showParticleSystems":false},"in2DMode":false,"pivot":{"x":-1.1931291818618775,"y":0.9819947481155396,"z":0.5769014358520508},"rotation":{"x":-0.09428771585226059,"y":0.8712257742881775,"z":-0.18461155891418458,"w":-0.4449664056301117},"size":5.149417400360107,"orthographic":false}